{"cameraMode":{"drawMode":0,"name":"Shaded","section":"Shading Mode"},"sceneLighting":true,"audioPlay":false,"sceneViewState":{"showFog":true,"showMaterialUpdate":false,"showSkybox":true,"showFlares":true,"showImageEffects":true,"showParticleSystems":true,"showVisualEffectGraphs":true,"m_FxEnabled":true},"in2DMode":false,"pivot":{"x":-0.6118103861808777,"y":2.891078472137451,"z":0.06698334217071533},"rotation":{"x":0.1623796671628952,"y":0.8376161456108093,"z":-0.37165558338165285,"w":0.3659460246562958},"size":15.054801940917969,"orthographic":false}